fold,best_epoch,best_val_f1,best_val_accuracy,best_val_precision,best_val_recall,optimal_threshold
1,4,0.49423045131426685,0.7362586206896552,0.3693965304206,0.7465041949660407,-0.5581883788108826
2,1,0.4121643171525165,0.36444827586206896,0.27851293103448277,0.7924331616384597,-0.4739184081554413
3,20,0.4309829669806833,0.4845,0.3093546800721272,0.7102176503794769,-0.5725248456001282
4,9,0.4556681004578882,0.5941724137931035,0.3354329100132784,0.7102588133515969,-0.5092343688011169
5,3,0.32201033683835323,0.33259649122807017,0.19888164846777034,0.8454052030694367,-0.5503854155540466
Mean ± Std,7.4 ± 6.8,0.4230 ± 0.0575,0.5024 ± 0.1492,0.2983 ± 0.0580,0.7610 ± 0.0519,-0.533 ± 0.036
